month,highGrownProduction
2024-01,4.93
2024-02,4.39
2024-03,4.61
2024-04,5.5
2024-05,5.38
2024-06,5.23
2024-07,4.62
2024-08,4.84
2024-09,6.0
2024-10,6.76
2024-11,6.83
2024-12,5.92
2025-01,4.85
2025-02,4.33
2025-03,4.71
2025-04,5.47
2025-05,5.46
2025-06,5.21
2025-07,4.72
2025-08,4.74
2025-09,5.79
2025-10,6.6
2025-11,6.79
2025-12,6.1
2026-01,4.98
2026-02,4.42
2026-03,4.68
2026-04,5.38
2026-05,5.54
2026-06,5.27
2026-07,4.78
2026-08,4.68
2026-09,5.58
2026-10,6.45
2026-11,6.74
2026-12,6.23
